date,day,weekend,holiday,dst
2012-01-01,Sunday,1,,
2012-01-02,Monday,0,New Years,
2012-01-03,Tuesday,0,,
2012-01-04,Wednesday,0,,
2012-01-05,Thursday,0,,
2012-01-06,Friday,0,,
2012-01-07,Saturday,1,,
2012-01-08,Sunday,1,,
2012-01-09,Monday,0,,
2012-01-10,Tuesday,0,,
2012-01-11,Wednesday,0,,
2012-01-12,Thursday,0,,
2012-01-13,Friday,0,,
2012-01-14,Saturday,1,,
2012-01-15,Sunday,1,,
2012-01-16,Monday,0,,
2012-01-17,Tuesday,0,,
2012-01-18,Wednesday,0,,
2012-01-19,Thursday,0,,
2012-01-20,Friday,0,,
2012-01-21,Saturday,1,,
2012-01-22,Sunday,1,,
2012-01-23,Monday,0,,
2012-01-24,Tuesday,0,,
2012-01-25,Wednesday,0,,
2012-01-26,Thursday,0,,
2012-01-27,Friday,0,,
2012-01-28,Saturday,1,,
2012-01-29,Sunday,1,,
2012-01-30,Monday,0,,
2012-01-31,Tuesday,0,,
2012-02-01,Wednesday,0,,
2012-02-02,Thursday,0,,
2012-02-03,Friday,0,,
2012-02-04,Saturday,1,,
2012-02-05,Sunday,1,,
2012-02-06,Monday,0,,
2012-02-07,Tuesday,0,,
2012-02-08,Wednesday,0,,
2012-02-09,Thursday,0,,
2012-02-10,Friday,0,,
2012-02-11,Saturday,1,,
2012-02-12,Sunday,1,,
2012-02-13,Monday,0,,
2012-02-14,Tuesday,0,,
2012-02-15,Wednesday,0,,
2012-02-16,Thursday,0,,
2012-02-17,Friday,0,,
2012-02-18,Saturday,1,,
2012-02-19,Sunday,1,,
2012-02-20,Monday,0,,
2012-02-21,Tuesday,0,,
2012-02-22,Wednesday,0,,
2012-02-23,Thursday,0,,
2012-02-24,Friday,0,,
2012-02-25,Saturday,1,,
2012-02-26,Sunday,1,,
2012-02-27,Monday,0,,
2012-02-28,Tuesday,0,,
2012-02-29,Wednesday,0,,
2012-03-01,Thursday,0,,
2012-03-02,Friday,0,,
2012-03-03,Saturday,1,,
2012-03-04,Sunday,1,,
2012-03-05,Monday,0,,
2012-03-06,Tuesday,0,,
2012-03-07,Wednesday,0,,
2012-03-08,Thursday,0,,
2012-03-09,Friday,0,,
2012-03-10,Saturday,1,,
2012-03-11,Sunday,1,,-1
2012-03-12,Monday,0,,
2012-03-13,Tuesday,0,,
2012-03-14,Wednesday,0,,
2012-03-15,Thursday,0,,
2012-03-16,Friday,0,,
2012-03-17,Saturday,1,,
2012-03-18,Sunday,1,,
2012-03-19,Monday,0,,
2012-03-20,Tuesday,0,,
2012-03-21,Wednesday,0,,
2012-03-22,Thursday,0,,
2012-03-23,Friday,0,,
2012-03-24,Saturday,1,,
2012-03-25,Sunday,1,,
2012-03-26,Monday,0,,
2012-03-27,Tuesday,0,,
2012-03-28,Wednesday,0,,
2012-03-29,Thursday,0,,
2012-03-30,Friday,0,,
2012-03-31,Saturday,1,,
2012-04-01,Sunday,1,,
2012-04-02,Monday,0,,
2012-04-03,Tuesday,0,,
2012-04-04,Wednesday,0,,
2012-04-05,Thursday,0,,
2012-04-06,Friday,0,Good Friday,
2012-04-07,Saturday,1,,
2012-04-08,Sunday,1,,
2012-04-09,Monday,0,Easter Monday,
2012-04-10,Tuesday,0,,
2012-04-11,Wednesday,0,,
2012-04-12,Thursday,0,,
2012-04-13,Friday,0,,
2012-04-14,Saturday,1,,
2012-04-15,Sunday,1,,
2012-04-16,Monday,0,,
2012-04-17,Tuesday,0,,
2012-04-18,Wednesday,0,,
2012-04-19,Thursday,0,,
2012-04-20,Friday,0,,
2012-04-21,Saturday,1,,
2012-04-22,Sunday,1,,
2012-04-23,Monday,0,,
2012-04-24,Tuesday,0,,
2012-04-25,Wednesday,0,,
2012-04-26,Thursday,0,,
2012-04-27,Friday,0,,
2012-04-28,Saturday,1,,
2012-04-29,Sunday,1,,
2012-04-30,Monday,0,,
2012-05-01,Tuesday,0,,
2012-05-02,Wednesday,0,,
2012-05-03,Thursday,0,,
2012-05-04,Friday,0,,
2012-05-05,Saturday,1,,
2012-05-06,Sunday,1,,
2012-05-07,Monday,0,,
2012-05-08,Tuesday,0,,
2012-05-09,Wednesday,0,,
2012-05-10,Thursday,0,,
2012-05-11,Friday,0,,
2012-05-12,Saturday,1,,
2012-05-13,Sunday,1,,
2012-05-14,Monday,0,,
2012-05-15,Tuesday,0,,
2012-05-16,Wednesday,0,,
2012-05-17,Thursday,0,,
2012-05-18,Friday,0,,
2012-05-19,Saturday,1,,
2012-05-20,Sunday,1,,
2012-05-21,Monday,0,Victoria Day,
2012-05-22,Tuesday,0,,
2012-05-23,Wednesday,0,,
2012-05-24,Thursday,0,,
2012-05-25,Friday,0,,
2012-05-26,Saturday,1,,
2012-05-27,Sunday,1,,
2012-05-28,Monday,0,,
2012-05-29,Tuesday,0,,
2012-05-30,Wednesday,0,,
2012-05-31,Thursday,0,,
2012-06-01,Friday,0,,
2012-06-02,Saturday,1,,
2012-06-03,Sunday,1,,
2012-06-04,Monday,0,,
2012-06-05,Tuesday,0,,
2012-06-06,Wednesday,0,,
2012-06-07,Thursday,0,,
2012-06-08,Friday,0,,
2012-06-09,Saturday,1,,
2012-06-10,Sunday,1,,
2012-06-11,Monday,0,,
2012-06-12,Tuesday,0,,
2012-06-13,Wednesday,0,,
2012-06-14,Thursday,0,,
2012-06-15,Friday,0,,
2012-06-16,Saturday,1,,
2012-06-17,Sunday,1,,
2012-06-18,Monday,0,,
2012-06-19,Tuesday,0,,
2012-06-20,Wednesday,0,,
2012-06-21,Thursday,0,,
2012-06-22,Friday,0,,
2012-06-23,Saturday,1,,
2012-06-24,Sunday,1,,
2012-06-25,Monday,0,,
2012-06-26,Tuesday,0,,
2012-06-27,Wednesday,0,,
2012-06-28,Thursday,0,,
2012-06-29,Friday,0,,
2012-06-30,Saturday,1,,
2012-07-01,Sunday,1,,
2012-07-02,Monday,0,Canada Day,
2012-07-03,Tuesday,0,,
2012-07-04,Wednesday,0,,
2012-07-05,Thursday,0,,
2012-07-06,Friday,0,,
2012-07-07,Saturday,1,,
2012-07-08,Sunday,1,,
2012-07-09,Monday,0,,
2012-07-10,Tuesday,0,,
2012-07-11,Wednesday,0,,
2012-07-12,Thursday,0,,
2012-07-13,Friday,0,,
2012-07-14,Saturday,1,,
2012-07-15,Sunday,1,,
2012-07-16,Monday,0,,
2012-07-17,Tuesday,0,,
2012-07-18,Wednesday,0,,
2012-07-19,Thursday,0,,
2012-07-20,Friday,0,,
2012-07-21,Saturday,1,,
2012-07-22,Sunday,1,,
2012-07-23,Monday,0,,
2012-07-24,Tuesday,0,,
2012-07-25,Wednesday,0,,
2012-07-26,Thursday,0,,
2012-07-27,Friday,0,,
2012-07-28,Saturday,1,,
2012-07-29,Sunday,1,,
2012-07-30,Monday,0,,
2012-07-31,Tuesday,0,,
2012-08-01,Wednesday,0,,
2012-08-02,Thursday,0,,
2012-08-03,Friday,0,,
2012-08-04,Saturday,1,,
2012-08-05,Sunday,1,,
2012-08-06,Monday,0,Civic Day,
2012-08-07,Tuesday,0,,
2012-08-08,Wednesday,0,,
2012-08-09,Thursday,0,,
2012-08-10,Friday,0,,
2012-08-11,Saturday,1,,
2012-08-12,Sunday,1,,
2012-08-13,Monday,0,,
2012-08-14,Tuesday,0,,
2012-08-15,Wednesday,0,,
2012-08-16,Thursday,0,,
2012-08-17,Friday,0,,
2012-08-18,Saturday,1,,
2012-08-19,Sunday,1,,
2012-08-20,Monday,0,,
2012-08-21,Tuesday,0,,
2012-08-22,Wednesday,0,,
2012-08-23,Thursday,0,,
2012-08-24,Friday,0,,
2012-08-25,Saturday,1,,
2012-08-26,Sunday,1,,
2012-08-27,Monday,0,,
2012-08-28,Tuesday,0,,
2012-08-29,Wednesday,0,,
2012-08-30,Thursday,0,,
2012-08-31,Friday,0,,
2012-09-01,Saturday,1,,
2012-09-02,Sunday,1,,
2012-09-03,Monday,0,Labour Day,
2012-09-04,Tuesday,0,,
2012-09-05,Wednesday,0,,
2012-09-06,Thursday,0,,
2012-09-07,Friday,0,,
2012-09-08,Saturday,1,,
2012-09-09,Sunday,1,,
2012-09-10,Monday,0,,
2012-09-11,Tuesday,0,,
2012-09-12,Wednesday,0,,
2012-09-13,Thursday,0,,
2012-09-14,Friday,0,,
2012-09-15,Saturday,1,,
2012-09-16,Sunday,1,,
2012-09-17,Monday,0,,
2012-09-18,Tuesday,0,,
2012-09-19,Wednesday,0,,
2012-09-20,Thursday,0,,
2012-09-21,Friday,0,,
2012-09-22,Saturday,1,,
2012-09-23,Sunday,1,,
2012-09-24,Monday,0,,
2012-09-25,Tuesday,0,,
2012-09-26,Wednesday,0,,
2012-09-27,Thursday,0,,
2012-09-28,Friday,0,,
2012-09-29,Saturday,1,,
2012-09-30,Sunday,1,,
2012-10-01,Monday,0,,
2012-10-02,Tuesday,0,,
2012-10-03,Wednesday,0,,
2012-10-04,Thursday,0,,
2012-10-05,Friday,0,,
2012-10-06,Saturday,1,,
2012-10-07,Sunday,1,,
2012-10-08,Monday,0,Thanksgiving,
2012-10-09,Tuesday,0,,
2012-10-10,Wednesday,0,,
2012-10-11,Thursday,0,,
2012-10-12,Friday,0,,
2012-10-13,Saturday,1,,
2012-10-14,Sunday,1,,
2012-10-15,Monday,0,,
2012-10-16,Tuesday,0,,
2012-10-17,Wednesday,0,,
2012-10-18,Thursday,0,,
2012-10-19,Friday,0,,
2012-10-20,Saturday,1,,
2012-10-21,Sunday,1,,
2012-10-22,Monday,0,,
2012-10-23,Tuesday,0,,
2012-10-24,Wednesday,0,,
2012-10-25,Thursday,0,,
2012-10-26,Friday,0,,
2012-10-27,Saturday,1,,
2012-10-28,Sunday,1,,
2012-10-29,Monday,0,,
2012-10-30,Tuesday,0,,
2012-10-31,Wednesday,0,,
2012-11-01,Thursday,0,,
2012-11-02,Friday,0,,
2012-11-03,Saturday,1,,
2012-11-04,Sunday,1,,+1
2012-11-05,Monday,0,,
2012-11-06,Tuesday,0,,
2012-11-07,Wednesday,0,,
2012-11-08,Thursday,0,,
2012-11-09,Friday,0,,
2012-11-10,Saturday,1,,
2012-11-11,Sunday,1,,
2012-11-12,Monday,0,Remembrance Day,
2012-11-13,Tuesday,0,,
2012-11-14,Wednesday,0,,
2012-11-15,Thursday,0,,
2012-11-16,Friday,0,,
2012-11-17,Saturday,1,,
2012-11-18,Sunday,1,,
2012-11-19,Monday,0,,
2012-11-20,Tuesday,0,,
2012-11-21,Wednesday,0,,
2012-11-22,Thursday,0,,
2012-11-23,Friday,0,,
2012-11-24,Saturday,1,,
2012-11-25,Sunday,1,,
2012-11-26,Monday,0,,
2012-11-27,Tuesday,0,,
2012-11-28,Wednesday,0,,
2012-11-29,Thursday,0,,
2012-11-30,Friday,0,,
2012-12-01,Saturday,1,,
2012-12-02,Sunday,1,,
2012-12-03,Monday,0,,
2012-12-04,Tuesday,0,,
2012-12-05,Wednesday,0,,
2012-12-06,Thursday,0,,
2012-12-07,Friday,0,,
2012-12-08,Saturday,1,,
2012-12-09,Sunday,1,,
2012-12-10,Monday,0,,
2012-12-11,Tuesday,0,,
2012-12-12,Wednesday,0,,
2012-12-13,Thursday,0,,
2012-12-14,Friday,0,,
2012-12-15,Saturday,1,,
2012-12-16,Sunday,1,,
2012-12-17,Monday,0,,
2012-12-18,Tuesday,0,,
2012-12-19,Wednesday,0,,
2012-12-20,Thursday,0,,
2012-12-21,Friday,0,,
2012-12-22,Saturday,1,,
2012-12-23,Sunday,1,,
2012-12-24,Monday,0,,
2012-12-25,Tuesday,0,Christmas Day,
2012-12-26,Wednesday,0,Boxing Day,
2012-12-27,Thursday,0,,
2012-12-28,Friday,0,,
2012-12-29,Saturday,1,,
2012-12-30,Sunday,1,,
2012-12-31,Monday,0,,
2013-01-01,Tuesday,0,New Years,
2013-01-02,Wednesday,0,,
2013-01-03,Thursday,0,,
2013-01-04,Friday,0,,
2013-01-05,Saturday,1,,
2013-01-06,Sunday,1,,
2013-01-07,Monday,0,,
2013-01-08,Tuesday,0,,
2013-01-09,Wednesday,0,,
2013-01-10,Thursday,0,,
2013-01-11,Friday,0,,
2013-01-12,Saturday,1,,
2013-01-13,Sunday,1,,
2013-01-14,Monday,0,,
2013-01-15,Tuesday,0,,
2013-01-16,Wednesday,0,,
2013-01-17,Thursday,0,,
2013-01-18,Friday,0,,
2013-01-19,Saturday,1,,
2013-01-20,Sunday,1,,
2013-01-21,Monday,0,,
2013-01-22,Tuesday,0,,
2013-01-23,Wednesday,0,,
2013-01-24,Thursday,0,,
2013-01-25,Friday,0,,
2013-01-26,Saturday,1,,
2013-01-27,Sunday,1,,
2013-01-28,Monday,0,,
2013-01-29,Tuesday,0,,
2013-01-30,Wednesday,0,,
2013-01-31,Thursday,0,,
2013-02-01,Friday,0,,
2013-02-02,Saturday,1,,
2013-02-03,Sunday,1,,
2013-02-04,Monday,0,,
2013-02-05,Tuesday,0,,
2013-02-06,Wednesday,0,,
2013-02-07,Thursday,0,,
2013-02-08,Friday,0,,
2013-02-09,Saturday,1,,
2013-02-10,Sunday,1,,
2013-02-11,Monday,0,Family Day,
2013-02-12,Tuesday,0,,
2013-02-13,Wednesday,0,,
2013-02-14,Thursday,0,,
2013-02-15,Friday,0,,
2013-02-16,Saturday,1,,
2013-02-17,Sunday,1,,
2013-02-18,Monday,0,,
2013-02-19,Tuesday,0,,
2013-02-20,Wednesday,0,,
2013-02-21,Thursday,0,,
2013-02-22,Friday,0,,
2013-02-23,Saturday,1,,
2013-02-24,Sunday,1,,
2013-02-25,Monday,0,,
2013-02-26,Tuesday,0,,
2013-02-27,Wednesday,0,,
2013-02-28,Thursday,0,,
2013-03-01,Friday,0,,
2013-03-02,Saturday,1,,
2013-03-03,Sunday,1,,
2013-03-04,Monday,0,,
2013-03-05,Tuesday,0,,
2013-03-06,Wednesday,0,,
2013-03-07,Thursday,0,,
2013-03-08,Friday,0,,
2013-03-09,Saturday,1,,
2013-03-10,Sunday,1,,-1
2013-03-11,Monday,0,,
2013-03-12,Tuesday,0,,
2013-03-13,Wednesday,0,,
2013-03-14,Thursday,0,,
2013-03-15,Friday,0,,
2013-03-16,Saturday,1,,
2013-03-17,Sunday,1,,
2013-03-18,Monday,0,,
2013-03-19,Tuesday,0,,
2013-03-20,Wednesday,0,,
2013-03-21,Thursday,0,,
2013-03-22,Friday,0,,
2013-03-23,Saturday,1,,
2013-03-24,Sunday,1,,
2013-03-25,Monday,0,,
2013-03-26,Tuesday,0,,
2013-03-27,Wednesday,0,,
2013-03-28,Thursday,0,,
2013-03-29,Friday,0,Good Friday,
2013-03-30,Saturday,1,,
2013-03-31,Sunday,1,,
2013-04-01,Monday,0,Easter Monday,
2013-04-02,Tuesday,0,,
2013-04-03,Wednesday,0,,
2013-04-04,Thursday,0,,
2013-04-05,Friday,0,,
2013-04-06,Saturday,1,,
2013-04-07,Sunday,1,,
2013-04-08,Monday,0,,
2013-04-09,Tuesday,0,,
2013-04-10,Wednesday,0,,
2013-04-11,Thursday,0,,
2013-04-12,Friday,0,,
2013-04-13,Saturday,1,,
2013-04-14,Sunday,1,,
2013-04-15,Monday,0,,
2013-04-16,Tuesday,0,,
2013-04-17,Wednesday,0,,
2013-04-18,Thursday,0,,
2013-04-19,Friday,0,,
2013-04-20,Saturday,1,,
2013-04-21,Sunday,1,,
2013-04-22,Monday,0,,
2013-04-23,Tuesday,0,,
2013-04-24,Wednesday,0,,
2013-04-25,Thursday,0,,
2013-04-26,Friday,0,,
2013-04-27,Saturday,1,,
2013-04-28,Sunday,1,,
2013-04-29,Monday,0,,
2013-04-30,Tuesday,0,,
2013-05-01,Wednesday,0,,
2013-05-02,Thursday,0,,
2013-05-03,Friday,0,,
2013-05-04,Saturday,1,,
2013-05-05,Sunday,1,,
2013-05-06,Monday,0,,
2013-05-07,Tuesday,0,,
2013-05-08,Wednesday,0,,
2013-05-09,Thursday,0,,
2013-05-10,Friday,0,,
2013-05-11,Saturday,1,,
2013-05-12,Sunday,1,,
2013-05-13,Monday,0,,
2013-05-14,Tuesday,0,,
2013-05-15,Wednesday,0,,
2013-05-16,Thursday,0,,
2013-05-17,Friday,0,,
2013-05-18,Saturday,1,,
2013-05-19,Sunday,1,,
2013-05-20,Monday,0,Victoria Day,
2013-05-21,Tuesday,0,,
2013-05-22,Wednesday,0,,
2013-05-23,Thursday,0,,
2013-05-24,Friday,0,,
2013-05-25,Saturday,1,,
2013-05-26,Sunday,1,,
2013-05-27,Monday,0,,
2013-05-28,Tuesday,0,,
2013-05-29,Wednesday,0,,
2013-05-30,Thursday,0,,
2013-05-31,Friday,0,,
2013-06-01,Saturday,1,,
2013-06-02,Sunday,1,,
2013-06-03,Monday,0,,
2013-06-04,Tuesday,0,,
2013-06-05,Wednesday,0,,
2013-06-06,Thursday,0,,
2013-06-07,Friday,0,,
2013-06-08,Saturday,1,,
2013-06-09,Sunday,1,,
2013-06-10,Monday,0,,
2013-06-11,Tuesday,0,,
2013-06-12,Wednesday,0,,
2013-06-13,Thursday,0,,
2013-06-14,Friday,0,,
2013-06-15,Saturday,1,,
2013-06-16,Sunday,1,,
2013-06-17,Monday,0,,
2013-06-18,Tuesday,0,,
2013-06-19,Wednesday,0,,
2013-06-20,Thursday,0,,
2013-06-21,Friday,0,,
2013-06-22,Saturday,1,,
2013-06-23,Sunday,1,,
2013-06-24,Monday,0,,
2013-06-25,Tuesday,0,,
2013-06-26,Wednesday,0,,
2013-06-27,Thursday,0,,
2013-06-28,Friday,0,,
2013-06-29,Saturday,1,,
2013-06-30,Sunday,1,,
2013-07-01,Monday,0,Canada Day,
2013-07-02,Tuesday,0,,
2013-07-03,Wednesday,0,,
2013-07-04,Thursday,0,,
2013-07-05,Friday,0,,
2013-07-06,Saturday,1,,
2013-07-07,Sunday,1,,
2013-07-08,Monday,0,,
2013-07-09,Tuesday,0,,
2013-07-10,Wednesday,0,,
2013-07-11,Thursday,0,,
2013-07-12,Friday,0,,
2013-07-13,Saturday,1,,
2013-07-14,Sunday,1,,
2013-07-15,Monday,0,,
2013-07-16,Tuesday,0,,
2013-07-17,Wednesday,0,,
2013-07-18,Thursday,0,,
2013-07-19,Friday,0,,
2013-07-20,Saturday,1,,
2013-07-21,Sunday,1,,
2013-07-22,Monday,0,,
2013-07-23,Tuesday,0,,
2013-07-24,Wednesday,0,,
2013-07-25,Thursday,0,,
2013-07-26,Friday,0,,
2013-07-27,Saturday,1,,
2013-07-28,Sunday,1,,
2013-07-29,Monday,0,,
2013-07-30,Tuesday,0,,
2013-07-31,Wednesday,0,,
2013-08-01,Thursday,0,,
2013-08-02,Friday,0,,
2013-08-03,Saturday,1,,
2013-08-04,Sunday,1,,
2013-08-05,Monday,0,Civic Day,
2013-08-06,Tuesday,0,,
2013-08-07,Wednesday,0,,
2013-08-08,Thursday,0,,
2013-08-09,Friday,0,,
2013-08-10,Saturday,1,,
2013-08-11,Sunday,1,,
2013-08-12,Monday,0,,
2013-08-13,Tuesday,0,,
2013-08-14,Wednesday,0,,
2013-08-15,Thursday,0,,
2013-08-16,Friday,0,,
2013-08-17,Saturday,1,,
2013-08-18,Sunday,1,,
2013-08-19,Monday,0,,
2013-08-20,Tuesday,0,,
2013-08-21,Wednesday,0,,
2013-08-22,Thursday,0,,
2013-08-23,Friday,0,,
2013-08-24,Saturday,1,,
2013-08-25,Sunday,1,,
2013-08-26,Monday,0,,
2013-08-27,Tuesday,0,,
2013-08-28,Wednesday,0,,
2013-08-29,Thursday,0,,
2013-08-30,Friday,0,,
2013-08-31,Saturday,1,,
2013-09-01,Sunday,1,,
2013-09-02,Monday,0,Labour Day,
2013-09-03,Tuesday,0,,
2013-09-04,Wednesday,0,,
2013-09-05,Thursday,0,,
2013-09-06,Friday,0,,
2013-09-07,Saturday,1,,
2013-09-08,Sunday,1,,
2013-09-09,Monday,0,,
2013-09-10,Tuesday,0,,
2013-09-11,Wednesday,0,,
2013-09-12,Thursday,0,,
2013-09-13,Friday,0,,
2013-09-14,Saturday,1,,
2013-09-15,Sunday,1,,
2013-09-16,Monday,0,,
2013-09-17,Tuesday,0,,
2013-09-18,Wednesday,0,,
2013-09-19,Thursday,0,,
2013-09-20,Friday,0,,
2013-09-21,Saturday,1,,
2013-09-22,Sunday,1,,
2013-09-23,Monday,0,,
2013-09-24,Tuesday,0,,
2013-09-25,Wednesday,0,,
2013-09-26,Thursday,0,,
2013-09-27,Friday,0,,
2013-09-28,Saturday,1,,
2013-09-29,Sunday,1,,
2013-09-30,Monday,0,,
2013-10-01,Tuesday,0,,
2013-10-02,Wednesday,0,,
2013-10-03,Thursday,0,,
2013-10-04,Friday,0,,
2013-10-05,Saturday,1,,
2013-10-06,Sunday,1,,
2013-10-07,Monday,0,,
2013-10-08,Tuesday,0,,
2013-10-09,Wednesday,0,,
2013-10-10,Thursday,0,,
2013-10-11,Friday,0,,
2013-10-12,Saturday,1,,
2013-10-13,Sunday,1,,
2013-10-14,Monday,0,Thanksgiving,
2013-10-15,Tuesday,0,,
2013-10-16,Wednesday,0,,
2013-10-17,Thursday,0,,
2013-10-18,Friday,0,,
2013-10-19,Saturday,1,,
2013-10-20,Sunday,1,,
2013-10-21,Monday,0,,
2013-10-22,Tuesday,0,,
2013-10-23,Wednesday,0,,
2013-10-24,Thursday,0,,
2013-10-25,Friday,0,,
2013-10-26,Saturday,1,,
2013-10-27,Sunday,1,,
2013-10-28,Monday,0,,
2013-10-29,Tuesday,0,,
2013-10-30,Wednesday,0,,
2013-10-31,Thursday,0,,
2013-11-01,Friday,0,,
2013-11-02,Saturday,1,,
2013-11-03,Sunday,1,,+1
2013-11-04,Monday,0,,
2013-11-05,Tuesday,0,,
2013-11-06,Wednesday,0,,
2013-11-07,Thursday,0,,
2013-11-08,Friday,0,,
2013-11-09,Saturday,1,,
2013-11-10,Sunday,1,,
2013-11-11,Monday,0,Remembrance Day,
2013-11-12,Tuesday,0,,
2013-11-13,Wednesday,0,,
2013-11-14,Thursday,0,,
2013-11-15,Friday,0,,
2013-11-16,Saturday,1,,
2013-11-17,Sunday,1,,
2013-11-18,Monday,0,,
2013-11-19,Tuesday,0,,
2013-11-20,Wednesday,0,,
2013-11-21,Thursday,0,,
2013-11-22,Friday,0,,
2013-11-23,Saturday,1,,
2013-11-24,Sunday,1,,
2013-11-25,Monday,0,,
2013-11-26,Tuesday,0,,
2013-11-27,Wednesday,0,,
2013-11-28,Thursday,0,,
2013-11-29,Friday,0,,
2013-11-30,Saturday,1,,
2013-12-01,Sunday,1,,
2013-12-02,Monday,0,,
2013-12-03,Tuesday,0,,
2013-12-04,Wednesday,0,,
2013-12-05,Thursday,0,,
2013-12-06,Friday,0,,
2013-12-07,Saturday,1,,
2013-12-08,Sunday,1,,
2013-12-09,Monday,0,,
2013-12-10,Tuesday,0,,
2013-12-11,Wednesday,0,,
2013-12-12,Thursday,0,,
2013-12-13,Friday,0,,
2013-12-14,Saturday,1,,
2013-12-15,Sunday,1,,
2013-12-16,Monday,0,,
2013-12-17,Tuesday,0,,
2013-12-18,Wednesday,0,,
2013-12-19,Thursday,0,,
2013-12-20,Friday,0,,
2013-12-21,Saturday,1,,
2013-12-22,Sunday,1,,
2013-12-23,Monday,0,,
2013-12-24,Tuesday,0,,
2013-12-25,Wednesday,0,Christmas Day,
2013-12-26,Thursday,0,Boxing Day,
2013-12-27,Friday,0,,
2013-12-28,Saturday,1,,
2013-12-29,Sunday,1,,
2013-12-30,Monday,0,,
2013-12-31,Tuesday,0,,
2014-01-01,Wednesday,0,New Years,
2014-01-02,Thursday,0,,
2014-01-03,Friday,0,,
2014-01-04,Saturday,1,,
2014-01-05,Sunday,1,,
2014-01-06,Monday,0,,
2014-01-07,Tuesday,0,,
2014-01-08,Wednesday,0,,
2014-01-09,Thursday,0,,
2014-01-10,Friday,0,,
2014-01-11,Saturday,1,,
2014-01-12,Sunday,1,,
2014-01-13,Monday,0,,
2014-01-14,Tuesday,0,,
2014-01-15,Wednesday,0,,
2014-01-16,Thursday,0,,
2014-01-17,Friday,0,,
2014-01-18,Saturday,1,,
2014-01-19,Sunday,1,,
2014-01-20,Monday,0,,
2014-01-21,Tuesday,0,,
2014-01-22,Wednesday,0,,
2014-01-23,Thursday,0,,
2014-01-24,Friday,0,,
2014-01-25,Saturday,1,,
2014-01-26,Sunday,1,,
2014-01-27,Monday,0,,
2014-01-28,Tuesday,0,,
2014-01-29,Wednesday,0,,
2014-01-30,Thursday,0,,
2014-01-31,Friday,0,,
2014-02-01,Saturday,1,,
2014-02-02,Sunday,1,,
2014-02-03,Monday,0,,
2014-02-04,Tuesday,0,,
2014-02-05,Wednesday,0,,
2014-02-06,Thursday,0,,
2014-02-07,Friday,0,,
2014-02-08,Saturday,1,,
2014-02-09,Sunday,1,,
2014-02-10,Monday,0,Family Day,
2014-02-11,Tuesday,0,,
2014-02-12,Wednesday,0,,
2014-02-13,Thursday,0,,
2014-02-14,Friday,0,,
2014-02-15,Saturday,1,,
2014-02-16,Sunday,1,,
2014-02-17,Monday,0,,
2014-02-18,Tuesday,0,,
2014-02-19,Wednesday,0,,
2014-02-20,Thursday,0,,
2014-02-21,Friday,0,,
2014-02-22,Saturday,1,,
2014-02-23,Sunday,1,,
2014-02-24,Monday,0,,
2014-02-25,Tuesday,0,,
2014-02-26,Wednesday,0,,
2014-02-27,Thursday,0,,
2014-02-28,Friday,0,,
2014-03-01,Saturday,1,,
2014-03-02,Sunday,1,,
2014-03-03,Monday,0,,
2014-03-04,Tuesday,0,,
2014-03-05,Wednesday,0,,
2014-03-06,Thursday,0,,
2014-03-07,Friday,0,,
2014-03-08,Saturday,1,,
2014-03-09,Sunday,1,,-1
2014-03-10,Monday,0,,
2014-03-11,Tuesday,0,,
2014-03-12,Wednesday,0,,
2014-03-13,Thursday,0,,
2014-03-14,Friday,0,,
2014-03-15,Saturday,1,,
2014-03-16,Sunday,1,,
2014-03-17,Monday,0,,
2014-03-18,Tuesday,0,,
2014-03-19,Wednesday,0,,
2014-03-20,Thursday,0,,
2014-03-21,Friday,0,,
2014-03-22,Saturday,1,,
2014-03-23,Sunday,1,,
2014-03-24,Monday,0,,
2014-03-25,Tuesday,0,,
2014-03-26,Wednesday,0,,
2014-03-27,Thursday,0,,
2014-03-28,Friday,0,,
2014-03-29,Saturday,1,,
2014-03-30,Sunday,1,,
2014-03-31,Monday,0,,
2014-04-01,Tuesday,0,,
2014-04-02,Wednesday,0,,
2014-04-03,Thursday,0,,
2014-04-04,Friday,0,,
2014-04-05,Saturday,1,,
2014-04-06,Sunday,1,,
2014-04-07,Monday,0,,
2014-04-08,Tuesday,0,,
2014-04-09,Wednesday,0,,
2014-04-10,Thursday,0,,
2014-04-11,Friday,0,,
2014-04-12,Saturday,1,,
2014-04-13,Sunday,1,,
2014-04-14,Monday,0,,
2014-04-15,Tuesday,0,,
2014-04-16,Wednesday,0,,
2014-04-17,Thursday,0,,
2014-04-18,Friday,0,Good Friday,
2014-04-19,Saturday,1,,
2014-04-20,Sunday,1,,
2014-04-21,Monday,0,Easter Monday,
2014-04-22,Tuesday,0,,
2014-04-23,Wednesday,0,,
2014-04-24,Thursday,0,,
2014-04-25,Friday,0,,
2014-04-26,Saturday,1,,
2014-04-27,Sunday,1,,
2014-04-28,Monday,0,,
2014-04-29,Tuesday,0,,
2014-04-30,Wednesday,0,,
2014-05-01,Thursday,0,,
2014-05-02,Friday,0,,
2014-05-03,Saturday,1,,
2014-05-04,Sunday,1,,
2014-05-05,Monday,0,,
2014-05-06,Tuesday,0,,
2014-05-07,Wednesday,0,,
2014-05-08,Thursday,0,,
2014-05-09,Friday,0,,
2014-05-10,Saturday,1,,
2014-05-11,Sunday,1,,
2014-05-12,Monday,0,,
2014-05-13,Tuesday,0,,
2014-05-14,Wednesday,0,,
2014-05-15,Thursday,0,,
2014-05-16,Friday,0,,
2014-05-17,Saturday,1,,
2014-05-18,Sunday,1,,
2014-05-19,Monday,0,Victoria Day,
2014-05-20,Tuesday,0,,
2014-05-21,Wednesday,0,,
2014-05-22,Thursday,0,,
2014-05-23,Friday,0,,
2014-05-24,Saturday,1,,
2014-05-25,Sunday,1,,
2014-05-26,Monday,0,,
2014-05-27,Tuesday,0,,
2014-05-28,Wednesday,0,,
2014-05-29,Thursday,0,,
2014-05-30,Friday,0,,
2014-05-31,Saturday,1,,
2014-06-01,Sunday,1,,
2014-06-02,Monday,0,,
2014-06-03,Tuesday,0,,
2014-06-04,Wednesday,0,,
2014-06-05,Thursday,0,,
2014-06-06,Friday,0,,
2014-06-07,Saturday,1,,
2014-06-08,Sunday,1,,
2014-06-09,Monday,0,,
2014-06-10,Tuesday,0,,
2014-06-11,Wednesday,0,,
2014-06-12,Thursday,0,,
2014-06-13,Friday,0,,
2014-06-14,Saturday,1,,
2014-06-15,Sunday,1,,
2014-06-16,Monday,0,,
2014-06-17,Tuesday,0,,
2014-06-18,Wednesday,0,,
2014-06-19,Thursday,0,,
2014-06-20,Friday,0,,
2014-06-21,Saturday,1,,
2014-06-22,Sunday,1,,
2014-06-23,Monday,0,,
2014-06-24,Tuesday,0,,
2014-06-25,Wednesday,0,,
2014-06-26,Thursday,0,,
2014-06-27,Friday,0,,
2014-06-28,Saturday,1,,
2014-06-29,Sunday,1,,
2014-06-30,Monday,0,,
2014-07-01,Tuesday,0,Canada Day,
2014-07-02,Wednesday,0,,
2014-07-03,Thursday,0,,
2014-07-04,Friday,0,,
2014-07-05,Saturday,1,,
2014-07-06,Sunday,1,,
2014-07-07,Monday,0,,
2014-07-08,Tuesday,0,,
2014-07-09,Wednesday,0,,
2014-07-10,Thursday,0,,
2014-07-11,Friday,0,,
2014-07-12,Saturday,1,,
2014-07-13,Sunday,1,,
2014-07-14,Monday,0,,
2014-07-15,Tuesday,0,,
2014-07-16,Wednesday,0,,
2014-07-17,Thursday,0,,
2014-07-18,Friday,0,,
2014-07-19,Saturday,1,,
2014-07-20,Sunday,1,,
2014-07-21,Monday,0,,
2014-07-22,Tuesday,0,,
2014-07-23,Wednesday,0,,
2014-07-24,Thursday,0,,
2014-07-25,Friday,0,,
2014-07-26,Saturday,1,,
2014-07-27,Sunday,1,,
2014-07-28,Monday,0,,
2014-07-29,Tuesday,0,,
2014-07-30,Wednesday,0,,
2014-07-31,Thursday,0,,
2014-08-01,Friday,0,,
2014-08-02,Saturday,1,,
2014-08-03,Sunday,1,,
2014-08-04,Monday,0,Civic Day,
2014-08-05,Tuesday,0,,
2014-08-06,Wednesday,0,,
2014-08-07,Thursday,0,,
2014-08-08,Friday,0,,
2014-08-09,Saturday,1,,
2014-08-10,Sunday,1,,
2014-08-11,Monday,0,,
2014-08-12,Tuesday,0,,
2014-08-13,Wednesday,0,,
2014-08-14,Thursday,0,,
2014-08-15,Friday,0,,
2014-08-16,Saturday,1,,
2014-08-17,Sunday,1,,
2014-08-18,Monday,0,,
2014-08-19,Tuesday,0,,
2014-08-20,Wednesday,0,,
2014-08-21,Thursday,0,,
2014-08-22,Friday,0,,
2014-08-23,Saturday,1,,
2014-08-24,Sunday,1,,
2014-08-25,Monday,0,,
2014-08-26,Tuesday,0,,
2014-08-27,Wednesday,0,,
2014-08-28,Thursday,0,,
2014-08-29,Friday,0,,
2014-08-30,Saturday,1,,
2014-08-31,Sunday,1,,
2014-09-01,Monday,0,Labour Day,
2014-09-02,Tuesday,0,,
2014-09-03,Wednesday,0,,
2014-09-04,Thursday,0,,
2014-09-05,Friday,0,,
2014-09-06,Saturday,1,,
2014-09-07,Sunday,1,,
2014-09-08,Monday,0,,
2014-09-09,Tuesday,0,,
2014-09-10,Wednesday,0,,
2014-09-11,Thursday,0,,
2014-09-12,Friday,0,,
2014-09-13,Saturday,1,,
2014-09-14,Sunday,1,,
2014-09-15,Monday,0,,
2014-09-16,Tuesday,0,,
2014-09-17,Wednesday,0,,
2014-09-18,Thursday,0,,
2014-09-19,Friday,0,,
2014-09-20,Saturday,1,,
2014-09-21,Sunday,1,,
2014-09-22,Monday,0,,
2014-09-23,Tuesday,0,,
2014-09-24,Wednesday,0,,
2014-09-25,Thursday,0,,
2014-09-26,Friday,0,,
2014-09-27,Saturday,1,,
2014-09-28,Sunday,1,,
2014-09-29,Monday,0,,
2014-09-30,Tuesday,0,,
2014-10-01,Wednesday,0,,
2014-10-02,Thursday,0,,
2014-10-03,Friday,0,,
2014-10-04,Saturday,1,,
2014-10-05,Sunday,1,,
2014-10-06,Monday,0,,
2014-10-07,Tuesday,0,,
2014-10-08,Wednesday,0,,
2014-10-09,Thursday,0,,
2014-10-10,Friday,0,,
2014-10-11,Saturday,1,,
2014-10-12,Sunday,1,,
2014-10-13,Monday,0,Thanksgiving,
2014-10-14,Tuesday,0,,
2014-10-15,Wednesday,0,,
2014-10-16,Thursday,0,,
2014-10-17,Friday,0,,
2014-10-18,Saturday,1,,
2014-10-19,Sunday,1,,
2014-10-20,Monday,0,,
2014-10-21,Tuesday,0,,
2014-10-22,Wednesday,0,,
2014-10-23,Thursday,0,,
2014-10-24,Friday,0,,
2014-10-25,Saturday,1,,
2014-10-26,Sunday,1,,
2014-10-27,Monday,0,,
2014-10-28,Tuesday,0,,
2014-10-29,Wednesday,0,,
2014-10-30,Thursday,0,,
2014-10-31,Friday,0,,
2014-11-01,Saturday,1,,
2014-11-02,Sunday,1,,+1
2014-11-03,Monday,0,,
2014-11-04,Tuesday,0,,
2014-11-05,Wednesday,0,,
2014-11-06,Thursday,0,,
2014-11-07,Friday,0,,
2014-11-08,Saturday,1,,
2014-11-09,Sunday,1,,
2014-11-10,Monday,0,,
2014-11-11,Tuesday,0,Remembrance Day,
2014-11-12,Wednesday,0,,
2014-11-13,Thursday,0,,
2014-11-14,Friday,0,,
2014-11-15,Saturday,1,,
2014-11-16,Sunday,1,,
2014-11-17,Monday,0,,
2014-11-18,Tuesday,0,,
2014-11-19,Wednesday,0,,
2014-11-20,Thursday,0,,
2014-11-21,Friday,0,,
2014-11-22,Saturday,1,,
2014-11-23,Sunday,1,,
2014-11-24,Monday,0,,
2014-11-25,Tuesday,0,,
2014-11-26,Wednesday,0,,
2014-11-27,Thursday,0,,
2014-11-28,Friday,0,,
2014-11-29,Saturday,1,,
2014-11-30,Sunday,1,,
2014-12-01,Monday,0,,
2014-12-02,Tuesday,0,,
2014-12-03,Wednesday,0,,
2014-12-04,Thursday,0,,
2014-12-05,Friday,0,,
2014-12-06,Saturday,1,,
2014-12-07,Sunday,1,,
2014-12-08,Monday,0,,
2014-12-09,Tuesday,0,,
2014-12-10,Wednesday,0,,
2014-12-11,Thursday,0,,
2014-12-12,Friday,0,,
2014-12-13,Saturday,1,,
2014-12-14,Sunday,1,,
2014-12-15,Monday,0,,
2014-12-16,Tuesday,0,,
2014-12-17,Wednesday,0,,
2014-12-18,Thursday,0,,
2014-12-19,Friday,0,,
2014-12-20,Saturday,1,,
2014-12-21,Sunday,1,,
2014-12-22,Monday,0,,
2014-12-23,Tuesday,0,,
2014-12-24,Wednesday,0,,
2014-12-25,Thursday,0,Christmas Day,
2014-12-26,Friday,0,Boxing Day,
2014-12-27,Saturday,1,,
2014-12-28,Sunday,1,,
2014-12-29,Monday,0,,
2014-12-30,Tuesday,0,,
2014-12-31,Wednesday,0,,
2015-01-01,Thursday,0,New Years,
2015-01-02,Friday,0,,
2015-01-03,Saturday,1,,
2015-01-04,Sunday,1,,
2015-01-05,Monday,0,,
2015-01-06,Tuesday,0,,
2015-01-07,Wednesday,0,,
2015-01-08,Thursday,0,,
2015-01-09,Friday,0,,
2015-01-10,Saturday,1,,
2015-01-11,Sunday,1,,
2015-01-12,Monday,0,,
2015-01-13,Tuesday,0,,
2015-01-14,Wednesday,0,,
2015-01-15,Thursday,0,,
2015-01-16,Friday,0,,
2015-01-17,Saturday,1,,
2015-01-18,Sunday,1,,
2015-01-19,Monday,0,,
2015-01-20,Tuesday,0,,
2015-01-21,Wednesday,0,,
2015-01-22,Thursday,0,,
2015-01-23,Friday,0,,
2015-01-24,Saturday,1,,
2015-01-25,Sunday,1,,
2015-01-26,Monday,0,,
2015-01-27,Tuesday,0,,
2015-01-28,Wednesday,0,,
2015-01-29,Thursday,0,,
2015-01-30,Friday,0,,
2015-01-31,Saturday,1,,
2015-02-01,Sunday,1,,
2015-02-02,Monday,0,,
2015-02-03,Tuesday,0,,
2015-02-04,Wednesday,0,,
2015-02-05,Thursday,0,,
2015-02-06,Friday,0,,
2015-02-07,Saturday,1,,
2015-02-08,Sunday,1,,
2015-02-09,Monday,0,Family Day,
2015-02-10,Tuesday,0,,
2015-02-11,Wednesday,0,,
2015-02-12,Thursday,0,,
2015-02-13,Friday,0,,
2015-02-14,Saturday,1,,
2015-02-15,Sunday,1,,
2015-02-16,Monday,0,,
2015-02-17,Tuesday,0,,
2015-02-18,Wednesday,0,,
2015-02-19,Thursday,0,,
2015-02-20,Friday,0,,
2015-02-21,Saturday,1,,
2015-02-22,Sunday,1,,
2015-02-23,Monday,0,,
2015-02-24,Tuesday,0,,
2015-02-25,Wednesday,0,,
2015-02-26,Thursday,0,,
2015-02-27,Friday,0,,
2015-02-28,Saturday,1,,
2015-03-01,Sunday,1,,
2015-03-02,Monday,0,,
2015-03-03,Tuesday,0,,
2015-03-04,Wednesday,0,,
2015-03-05,Thursday,0,,
2015-03-06,Friday,0,,
2015-03-07,Saturday,1,,
2015-03-08,Sunday,1,,-1
2015-03-09,Monday,0,,
2015-03-10,Tuesday,0,,
2015-03-11,Wednesday,0,,
2015-03-12,Thursday,0,,
2015-03-13,Friday,0,,
2015-03-14,Saturday,1,,
2015-03-15,Sunday,1,,
2015-03-16,Monday,0,,
2015-03-17,Tuesday,0,,
2015-03-18,Wednesday,0,,
2015-03-19,Thursday,0,,
2015-03-20,Friday,0,,
2015-03-21,Saturday,1,,
2015-03-22,Sunday,1,,
2015-03-23,Monday,0,,
2015-03-24,Tuesday,0,,
2015-03-25,Wednesday,0,,
2015-03-26,Thursday,0,,
2015-03-27,Friday,0,,
2015-03-28,Saturday,1,,
2015-03-29,Sunday,1,,
2015-03-30,Monday,0,,
2015-03-31,Tuesday,0,,
2015-04-01,Wednesday,0,,
2015-04-02,Thursday,0,,
2015-04-03,Friday,0,Good Friday,
2015-04-04,Saturday,1,,
2015-04-05,Sunday,1,,
2015-04-06,Monday,0,Easter Monday,
2015-04-07,Tuesday,0,,
2015-04-08,Wednesday,0,,
2015-04-09,Thursday,0,,
2015-04-10,Friday,0,,
2015-04-11,Saturday,1,,
2015-04-12,Sunday,1,,
2015-04-13,Monday,0,,
2015-04-14,Tuesday,0,,
2015-04-15,Wednesday,0,,
2015-04-16,Thursday,0,,
2015-04-17,Friday,0,,
2015-04-18,Saturday,1,,
2015-04-19,Sunday,1,,
2015-04-20,Monday,0,,
2015-04-21,Tuesday,0,,
2015-04-22,Wednesday,0,,
2015-04-23,Thursday,0,,
2015-04-24,Friday,0,,
2015-04-25,Saturday,1,,
2015-04-26,Sunday,1,,
2015-04-27,Monday,0,,
2015-04-28,Tuesday,0,,
2015-04-29,Wednesday,0,,
2015-04-30,Thursday,0,,
2015-05-01,Friday,0,,
2015-05-02,Saturday,1,,
2015-05-03,Sunday,1,,
2015-05-04,Monday,0,,
2015-05-05,Tuesday,0,,
2015-05-06,Wednesday,0,,
2015-05-07,Thursday,0,,
2015-05-08,Friday,0,,
2015-05-09,Saturday,1,,
2015-05-10,Sunday,1,,
2015-05-11,Monday,0,,
2015-05-12,Tuesday,0,,
2015-05-13,Wednesday,0,,
2015-05-14,Thursday,0,,
2015-05-15,Friday,0,,
2015-05-16,Saturday,1,,
2015-05-17,Sunday,1,,
2015-05-18,Monday,0,Victoria Day,
2015-05-19,Tuesday,0,,
2015-05-20,Wednesday,0,,
2015-05-21,Thursday,0,,
2015-05-22,Friday,0,,
2015-05-23,Saturday,1,,
2015-05-24,Sunday,1,,
2015-05-25,Monday,0,,
2015-05-26,Tuesday,0,,
2015-05-27,Wednesday,0,,
2015-05-28,Thursday,0,,
2015-05-29,Friday,0,,
2015-05-30,Saturday,1,,
2015-05-31,Sunday,1,,
2015-06-01,Monday,0,,
2015-06-02,Tuesday,0,,
2015-06-03,Wednesday,0,,
2015-06-04,Thursday,0,,
2015-06-05,Friday,0,,
2015-06-06,Saturday,1,,
2015-06-07,Sunday,1,,
2015-06-08,Monday,0,,
2015-06-09,Tuesday,0,,
2015-06-10,Wednesday,0,,
2015-06-11,Thursday,0,,
2015-06-12,Friday,0,,
2015-06-13,Saturday,1,,
2015-06-14,Sunday,1,,
2015-06-15,Monday,0,,
2015-06-16,Tuesday,0,,
2015-06-17,Wednesday,0,,
2015-06-18,Thursday,0,,
2015-06-19,Friday,0,,
2015-06-20,Saturday,1,,
2015-06-21,Sunday,1,,
2015-06-22,Monday,0,,
2015-06-23,Tuesday,0,,
2015-06-24,Wednesday,0,,
2015-06-25,Thursday,0,,
2015-06-26,Friday,0,,
2015-06-27,Saturday,1,,
2015-06-28,Sunday,1,,
2015-06-29,Monday,0,,
2015-06-30,Tuesday,0,,
2015-07-01,Wednesday,0,Canada Day,
2015-07-02,Thursday,0,,
2015-07-03,Friday,0,,
2015-07-04,Saturday,1,,
2015-07-05,Sunday,1,,
2015-07-06,Monday,0,,
2015-07-07,Tuesday,0,,
2015-07-08,Wednesday,0,,
2015-07-09,Thursday,0,,
2015-07-10,Friday,0,,
2015-07-11,Saturday,1,,
2015-07-12,Sunday,1,,
2015-07-13,Monday,0,,
2015-07-14,Tuesday,0,,
2015-07-15,Wednesday,0,,
2015-07-16,Thursday,0,,
2015-07-17,Friday,0,,
2015-07-18,Saturday,1,,
2015-07-19,Sunday,1,,
2015-07-20,Monday,0,,
2015-07-21,Tuesday,0,,
2015-07-22,Wednesday,0,,
2015-07-23,Thursday,0,,
2015-07-24,Friday,0,,
2015-07-25,Saturday,1,,
2015-07-26,Sunday,1,,
2015-07-27,Monday,0,,
2015-07-28,Tuesday,0,,
2015-07-29,Wednesday,0,,
2015-07-30,Thursday,0,,
2015-07-31,Friday,0,,
2015-08-01,Saturday,1,,
2015-08-02,Sunday,1,,
2015-08-03,Monday,0,Civic Day,
2015-08-04,Tuesday,0,,
2015-08-05,Wednesday,0,,
2015-08-06,Thursday,0,,
2015-08-07,Friday,0,,
2015-08-08,Saturday,1,,
2015-08-09,Sunday,1,,
2015-08-10,Monday,0,,
2015-08-11,Tuesday,0,,
2015-08-12,Wednesday,0,,
2015-08-13,Thursday,0,,
2015-08-14,Friday,0,,
2015-08-15,Saturday,1,,
2015-08-16,Sunday,1,,
2015-08-17,Monday,0,,
2015-08-18,Tuesday,0,,
2015-08-19,Wednesday,0,,
2015-08-20,Thursday,0,,
2015-08-21,Friday,0,,
2015-08-22,Saturday,1,,
2015-08-23,Sunday,1,,
2015-08-24,Monday,0,,
2015-08-25,Tuesday,0,,
2015-08-26,Wednesday,0,,
2015-08-27,Thursday,0,,
2015-08-28,Friday,0,,
2015-08-29,Saturday,1,,
2015-08-30,Sunday,1,,
2015-08-31,Monday,0,,
2015-09-01,Tuesday,0,,
2015-09-02,Wednesday,0,,
2015-09-03,Thursday,0,,
2015-09-04,Friday,0,,
2015-09-05,Saturday,1,,
2015-09-06,Sunday,1,,
2015-09-07,Monday,0,Labour Day,
2015-09-08,Tuesday,0,,
2015-09-09,Wednesday,0,,
2015-09-10,Thursday,0,,
2015-09-11,Friday,0,,
2015-09-12,Saturday,1,,
2015-09-13,Sunday,1,,
2015-09-14,Monday,0,,
2015-09-15,Tuesday,0,,
2015-09-16,Wednesday,0,,
2015-09-17,Thursday,0,,
2015-09-18,Friday,0,,
2015-09-19,Saturday,1,,
2015-09-20,Sunday,1,,
2015-09-21,Monday,0,,
2015-09-22,Tuesday,0,,
2015-09-23,Wednesday,0,,
2015-09-24,Thursday,0,,
2015-09-25,Friday,0,,
2015-09-26,Saturday,1,,
2015-09-27,Sunday,1,,
2015-09-28,Monday,0,,
2015-09-29,Tuesday,0,,
2015-09-30,Wednesday,0,,
2015-10-01,Thursday,0,,
2015-10-02,Friday,0,,
2015-10-03,Saturday,1,,
2015-10-04,Sunday,1,,
2015-10-05,Monday,0,,
2015-10-06,Tuesday,0,,
2015-10-07,Wednesday,0,,
2015-10-08,Thursday,0,,
2015-10-09,Friday,0,,
2015-10-10,Saturday,1,,
2015-10-11,Sunday,1,,
2015-10-12,Monday,0,Thanksgiving,
2015-10-13,Tuesday,0,,
2015-10-14,Wednesday,0,,
2015-10-15,Thursday,0,,
2015-10-16,Friday,0,,
2015-10-17,Saturday,1,,
2015-10-18,Sunday,1,,
2015-10-19,Monday,0,,
2015-10-20,Tuesday,0,,
2015-10-21,Wednesday,0,,
2015-10-22,Thursday,0,,
2015-10-23,Friday,0,,
2015-10-24,Saturday,1,,
2015-10-25,Sunday,1,,
2015-10-26,Monday,0,,
2015-10-27,Tuesday,0,,
2015-10-28,Wednesday,0,,
2015-10-29,Thursday,0,,
2015-10-30,Friday,0,,
2015-10-31,Saturday,1,,
2015-11-01,Sunday,1,,+1
2015-11-02,Monday,0,,
2015-11-03,Tuesday,0,,
2015-11-04,Wednesday,0,,
2015-11-05,Thursday,0,,
2015-11-06,Friday,0,,
2015-11-07,Saturday,1,,
2015-11-08,Sunday,1,,
2015-11-09,Monday,0,,
2015-11-10,Tuesday,0,,
2015-11-11,Wednesday,0,Remembrance Day,
2015-11-12,Thursday,0,,
2015-11-13,Friday,0,,
2015-11-14,Saturday,1,,
2015-11-15,Sunday,1,,
2015-11-16,Monday,0,,
2015-11-17,Tuesday,0,,
2015-11-18,Wednesday,0,,
2015-11-19,Thursday,0,,
2015-11-20,Friday,0,,
2015-11-21,Saturday,1,,
2015-11-22,Sunday,1,,
2015-11-23,Monday,0,,
2015-11-24,Tuesday,0,,
2015-11-25,Wednesday,0,,
2015-11-26,Thursday,0,,
2015-11-27,Friday,0,,
2015-11-28,Saturday,1,,
2015-11-29,Sunday,1,,
2015-11-30,Monday,0,,
2015-12-01,Tuesday,0,,
2015-12-02,Wednesday,0,,
2015-12-03,Thursday,0,,
2015-12-04,Friday,0,,
2015-12-05,Saturday,1,,
2015-12-06,Sunday,1,,
2015-12-07,Monday,0,,
2015-12-08,Tuesday,0,,
2015-12-09,Wednesday,0,,
2015-12-10,Thursday,0,,
2015-12-11,Friday,0,,
2015-12-12,Saturday,1,,
2015-12-13,Sunday,1,,
2015-12-14,Monday,0,,
2015-12-15,Tuesday,0,,
2015-12-16,Wednesday,0,,
2015-12-17,Thursday,0,,
2015-12-18,Friday,0,,
2015-12-19,Saturday,1,,
2015-12-20,Sunday,1,,
2015-12-21,Monday,0,,
2015-12-22,Tuesday,0,,
2015-12-23,Wednesday,0,,
2015-12-24,Thursday,0,,
2015-12-25,Friday,0,Christmas Day,
2015-12-26,Saturday,1,Boxing Day,
2015-12-27,Sunday,1,,
2015-12-28,Monday,0,,
2015-12-29,Tuesday,0,,
2015-12-30,Wednesday,0,,
2015-12-31,Thursday,0,,
2016-01-01,Friday,0,New Years,
2016-01-02,Saturday,1,,
2016-01-03,Sunday,1,,
2016-01-04,Monday,0,,
2016-01-05,Tuesday,0,,
2016-01-06,Wednesday,0,,
2016-01-07,Thursday,0,,
2016-01-08,Friday,0,,
2016-01-09,Saturday,1,,
2016-01-10,Sunday,1,,
2016-01-11,Monday,0,,
2016-01-12,Tuesday,0,,
2016-01-13,Wednesday,0,,
2016-01-14,Thursday,0,,
2016-01-15,Friday,0,,
2016-01-16,Saturday,1,,
2016-01-17,Sunday,1,,
2016-01-18,Monday,0,,
2016-01-19,Tuesday,0,,
2016-01-20,Wednesday,0,,
2016-01-21,Thursday,0,,
2016-01-22,Friday,0,,
2016-01-23,Saturday,1,,
2016-01-24,Sunday,1,,
2016-01-25,Monday,0,,
2016-01-26,Tuesday,0,,
2016-01-27,Wednesday,0,,
2016-01-28,Thursday,0,,
2016-01-29,Friday,0,,
2016-01-30,Saturday,1,,
2016-01-31,Sunday,1,,
2016-02-01,Monday,0,,
2016-02-02,Tuesday,0,,
2016-02-03,Wednesday,0,,
2016-02-04,Thursday,0,,
2016-02-05,Friday,0,,
2016-02-06,Saturday,1,,
2016-02-07,Sunday,1,,
2016-02-08,Monday,0,Family Day,
2016-02-09,Tuesday,0,,
2016-02-10,Wednesday,0,,
2016-02-11,Thursday,0,,
2016-02-12,Friday,0,,
2016-02-13,Saturday,1,,
2016-02-14,Sunday,1,,
2016-02-15,Monday,0,,
2016-02-16,Tuesday,0,,
2016-02-17,Wednesday,0,,
2016-02-18,Thursday,0,,
2016-02-19,Friday,0,,
2016-02-20,Saturday,1,,
2016-02-21,Sunday,1,,
2016-02-22,Monday,0,,
2016-02-23,Tuesday,0,,
2016-02-24,Wednesday,0,,
2016-02-25,Thursday,0,,
2016-02-26,Friday,0,,
2016-02-27,Saturday,1,,
2016-02-28,Sunday,1,,
2016-02-29,Monday,0,,
2016-03-01,Tuesday,0,,
2016-03-02,Wednesday,0,,
2016-03-03,Thursday,0,,
2016-03-04,Friday,0,,
2016-03-05,Saturday,1,,
2016-03-06,Sunday,1,,
2016-03-07,Monday,0,,
2016-03-08,Tuesday,0,,
2016-03-09,Wednesday,0,,
2016-03-10,Thursday,0,,
2016-03-11,Friday,0,,
2016-03-12,Saturday,1,,
2016-03-13,Sunday,1,,-1
2016-03-14,Monday,0,,
2016-03-15,Tuesday,0,,
2016-03-16,Wednesday,0,,
2016-03-17,Thursday,0,,
2016-03-18,Friday,0,,
2016-03-19,Saturday,1,,
2016-03-20,Sunday,1,,
2016-03-21,Monday,0,,
2016-03-22,Tuesday,0,,
2016-03-23,Wednesday,0,,
2016-03-24,Thursday,0,,
2016-03-25,Friday,0,Good Friday,
2016-03-26,Saturday,1,,
2016-03-27,Sunday,1,,
2016-03-28,Monday,0,Easter Monday,
2016-03-29,Tuesday,0,,
2016-03-30,Wednesday,0,,
2016-03-31,Thursday,0,,
2016-04-01,Friday,0,,
2016-04-02,Saturday,1,,
2016-04-03,Sunday,1,,
2016-04-04,Monday,0,,
2016-04-05,Tuesday,0,,
2016-04-06,Wednesday,0,,
2016-04-07,Thursday,0,,
2016-04-08,Friday,0,,
2016-04-09,Saturday,1,,
2016-04-10,Sunday,1,,
2016-04-11,Monday,0,,
2016-04-12,Tuesday,0,,
2016-04-13,Wednesday,0,,
2016-04-14,Thursday,0,,
2016-04-15,Friday,0,,
2016-04-16,Saturday,1,,
2016-04-17,Sunday,1,,
2016-04-18,Monday,0,,
2016-04-19,Tuesday,0,,
2016-04-20,Wednesday,0,,
2016-04-21,Thursday,0,,
2016-04-22,Friday,0,,
2016-04-23,Saturday,1,,
2016-04-24,Sunday,1,,
2016-04-25,Monday,0,,
2016-04-26,Tuesday,0,,
2016-04-27,Wednesday,0,,
2016-04-28,Thursday,0,,
2016-04-29,Friday,0,,
2016-04-30,Saturday,1,,
2016-05-01,Sunday,1,,
2016-05-02,Monday,0,,
2016-05-03,Tuesday,0,,
2016-05-04,Wednesday,0,,
2016-05-05,Thursday,0,,
2016-05-06,Friday,0,,
2016-05-07,Saturday,1,,
2016-05-08,Sunday,1,,
2016-05-09,Monday,0,,
2016-05-10,Tuesday,0,,
2016-05-11,Wednesday,0,,
2016-05-12,Thursday,0,,
2016-05-13,Friday,0,,
2016-05-14,Saturday,1,,
2016-05-15,Sunday,1,,
2016-05-16,Monday,0,,
2016-05-17,Tuesday,0,,
2016-05-18,Wednesday,0,,
2016-05-19,Thursday,0,,
2016-05-20,Friday,0,,
2016-05-21,Saturday,1,,
2016-05-22,Sunday,1,,
2016-05-23,Monday,0,Victoria Day,
2016-05-24,Tuesday,0,,
2016-05-25,Wednesday,0,,
2016-05-26,Thursday,0,,
2016-05-27,Friday,0,,
2016-05-28,Saturday,1,,
2016-05-29,Sunday,1,,
2016-05-30,Monday,0,,
2016-05-31,Tuesday,0,,
2016-06-01,Wednesday,0,,
2016-06-02,Thursday,0,,
2016-06-03,Friday,0,,
2016-06-04,Saturday,1,,
2016-06-05,Sunday,1,,
2016-06-06,Monday,0,,
2016-06-07,Tuesday,0,,
2016-06-08,Wednesday,0,,
2016-06-09,Thursday,0,,
2016-06-10,Friday,0,,
2016-06-11,Saturday,1,,
2016-06-12,Sunday,1,,
2016-06-13,Monday,0,,
2016-06-14,Tuesday,0,,
2016-06-15,Wednesday,0,,
2016-06-16,Thursday,0,,
2016-06-17,Friday,0,,
2016-06-18,Saturday,1,,
2016-06-19,Sunday,1,,
2016-06-20,Monday,0,,
2016-06-21,Tuesday,0,,
2016-06-22,Wednesday,0,,
2016-06-23,Thursday,0,,
2016-06-24,Friday,0,,
2016-06-25,Saturday,1,,
2016-06-26,Sunday,1,,
2016-06-27,Monday,0,,
2016-06-28,Tuesday,0,,
2016-06-29,Wednesday,0,,
2016-06-30,Thursday,0,,
2016-07-01,Friday,0,Canada Day,
2016-07-02,Saturday,1,,
2016-07-03,Sunday,1,,
2016-07-04,Monday,0,,
2016-07-05,Tuesday,0,,
2016-07-06,Wednesday,0,,
2016-07-07,Thursday,0,,
2016-07-08,Friday,0,,
2016-07-09,Saturday,1,,
2016-07-10,Sunday,1,,
2016-07-11,Monday,0,,
2016-07-12,Tuesday,0,,
2016-07-13,Wednesday,0,,
2016-07-14,Thursday,0,,
2016-07-15,Friday,0,,
2016-07-16,Saturday,1,,
2016-07-17,Sunday,1,,
2016-07-18,Monday,0,,
2016-07-19,Tuesday,0,,
2016-07-20,Wednesday,0,,
2016-07-21,Thursday,0,,
2016-07-22,Friday,0,,
2016-07-23,Saturday,1,,
2016-07-24,Sunday,1,,
2016-07-25,Monday,0,,
2016-07-26,Tuesday,0,,
2016-07-27,Wednesday,0,,
2016-07-28,Thursday,0,,
2016-07-29,Friday,0,,
2016-07-30,Saturday,1,,
2016-07-31,Sunday,1,,
2016-08-01,Monday,0,Civic Day,
2016-08-02,Tuesday,0,,
2016-08-03,Wednesday,0,,
2016-08-04,Thursday,0,,
2016-08-05,Friday,0,,
2016-08-06,Saturday,1,,
2016-08-07,Sunday,1,,
2016-08-08,Monday,0,,
2016-08-09,Tuesday,0,,
2016-08-10,Wednesday,0,,
2016-08-11,Thursday,0,,
2016-08-12,Friday,0,,
2016-08-13,Saturday,1,,
2016-08-14,Sunday,1,,
2016-08-15,Monday,0,,
2016-08-16,Tuesday,0,,
2016-08-17,Wednesday,0,,
2016-08-18,Thursday,0,,
2016-08-19,Friday,0,,
2016-08-20,Saturday,1,,
2016-08-21,Sunday,1,,
2016-08-22,Monday,0,,
2016-08-23,Tuesday,0,,
2016-08-24,Wednesday,0,,
2016-08-25,Thursday,0,,
2016-08-26,Friday,0,,
2016-08-27,Saturday,1,,
2016-08-28,Sunday,1,,
2016-08-29,Monday,0,,
2016-08-30,Tuesday,0,,
2016-08-31,Wednesday,0,,
2016-09-01,Thursday,0,,
2016-09-02,Friday,0,,
2016-09-03,Saturday,1,,
2016-09-04,Sunday,1,,
2016-09-05,Monday,0,Labour Day,
2016-09-06,Tuesday,0,,
2016-09-07,Wednesday,0,,
2016-09-08,Thursday,0,,
2016-09-09,Friday,0,,
2016-09-10,Saturday,1,,
2016-09-11,Sunday,1,,
2016-09-12,Monday,0,,
2016-09-13,Tuesday,0,,
2016-09-14,Wednesday,0,,
2016-09-15,Thursday,0,,
2016-09-16,Friday,0,,
2016-09-17,Saturday,1,,
2016-09-18,Sunday,1,,
2016-09-19,Monday,0,,
2016-09-20,Tuesday,0,,
2016-09-21,Wednesday,0,,
2016-09-22,Thursday,0,,
2016-09-23,Friday,0,,
2016-09-24,Saturday,1,,
2016-09-25,Sunday,1,,
2016-09-26,Monday,0,,
2016-09-27,Tuesday,0,,
2016-09-28,Wednesday,0,,
2016-09-29,Thursday,0,,
2016-09-30,Friday,0,,
2016-10-01,Saturday,1,,
2016-10-02,Sunday,1,,
2016-10-03,Monday,0,,
2016-10-04,Tuesday,0,,
2016-10-05,Wednesday,0,,
2016-10-06,Thursday,0,,
2016-10-07,Friday,0,,
2016-10-08,Saturday,1,,
2016-10-09,Sunday,1,,
2016-10-10,Monday,0,Thanksgiving,
2016-10-11,Tuesday,0,,
2016-10-12,Wednesday,0,,
2016-10-13,Thursday,0,,
2016-10-14,Friday,0,,
2016-10-15,Saturday,1,,
2016-10-16,Sunday,1,,
2016-10-17,Monday,0,,
2016-10-18,Tuesday,0,,
2016-10-19,Wednesday,0,,
2016-10-20,Thursday,0,,
2016-10-21,Friday,0,,
2016-10-22,Saturday,1,,
2016-10-23,Sunday,1,,
2016-10-24,Monday,0,,
2016-10-25,Tuesday,0,,
2016-10-26,Wednesday,0,,
2016-10-27,Thursday,0,,
2016-10-28,Friday,0,,
2016-10-29,Saturday,1,,
2016-10-30,Sunday,1,,
2016-10-31,Monday,0,,
2016-11-01,Tuesday,0,,
2016-11-02,Wednesday,0,,
2016-11-03,Thursday,0,,
2016-11-04,Friday,0,,
2016-11-05,Saturday,1,,
2016-11-06,Sunday,1,,+1
2016-11-07,Monday,0,,
2016-11-08,Tuesday,0,,
2016-11-09,Wednesday,0,,
2016-11-10,Thursday,0,,
2016-11-11,Friday,0,Remembrance Day,
2016-11-12,Saturday,1,,
2016-11-13,Sunday,1,,
2016-11-14,Monday,0,,
2016-11-15,Tuesday,0,,
2016-11-16,Wednesday,0,,
2016-11-17,Thursday,0,,
2016-11-18,Friday,0,,
2016-11-19,Saturday,1,,
2016-11-20,Sunday,1,,
2016-11-21,Monday,0,,
2016-11-22,Tuesday,0,,
2016-11-23,Wednesday,0,,
2016-11-24,Thursday,0,,
2016-11-25,Friday,0,,
2016-11-26,Saturday,1,,
2016-11-27,Sunday,1,,
2016-11-28,Monday,0,,
2016-11-29,Tuesday,0,,
2016-11-30,Wednesday,0,,
2016-12-01,Thursday,0,,
2016-12-02,Friday,0,,
2016-12-03,Saturday,1,,
2016-12-04,Sunday,1,,
2016-12-05,Monday,0,,
2016-12-06,Tuesday,0,,
2016-12-07,Wednesday,0,,
2016-12-08,Thursday,0,,
2016-12-09,Friday,0,,
2016-12-10,Saturday,1,,
2016-12-11,Sunday,1,,
2016-12-12,Monday,0,,
2016-12-13,Tuesday,0,,
2016-12-14,Wednesday,0,,
2016-12-15,Thursday,0,,
2016-12-16,Friday,0,,
2016-12-17,Saturday,1,,
2016-12-18,Sunday,1,,
2016-12-19,Monday,0,,
2016-12-20,Tuesday,0,,
2016-12-21,Wednesday,0,,
2016-12-22,Thursday,0,,
2016-12-23,Friday,0,,
2016-12-24,Saturday,1,,
2016-12-25,Sunday,1,Christmas Day,
2016-12-26,Monday,0,Boxing Day,
2016-12-27,Tuesday,0,,
2016-12-28,Wednesday,0,,
2016-12-29,Thursday,0,,
2016-12-30,Friday,0,,
2016-12-31,Saturday,1,,
2017-01-01,Sunday,1,,
2017-01-02,Monday,0,New Years,
2017-01-03,Tuesday,0,,
2017-01-04,Wednesday,0,,
2017-01-05,Thursday,0,,
2017-01-06,Friday,0,,
2017-01-07,Saturday,1,,
2017-01-08,Sunday,1,,
2017-01-09,Monday,0,,
2017-01-10,Tuesday,0,,
2017-01-11,Wednesday,0,,
2017-01-12,Thursday,0,,
2017-01-13,Friday,0,,
2017-01-14,Saturday,1,,
2017-01-15,Sunday,1,,
2017-01-16,Monday,0,,
2017-01-17,Tuesday,0,,
2017-01-18,Wednesday,0,,
2017-01-19,Thursday,0,,
2017-01-20,Friday,0,,
2017-01-21,Saturday,1,,
2017-01-22,Sunday,1,,
2017-01-23,Monday,0,,
2017-01-24,Tuesday,0,,
2017-01-25,Wednesday,0,,
2017-01-26,Thursday,0,,
2017-01-27,Friday,0,,
2017-01-28,Saturday,1,,
2017-01-29,Sunday,1,,
2017-01-30,Monday,0,,
2017-01-31,Tuesday,0,,
2017-02-01,Wednesday,0,,
2017-02-02,Thursday,0,,
2017-02-03,Friday,0,,
2017-02-04,Saturday,1,,
2017-02-05,Sunday,1,,
2017-02-06,Monday,0,Family Day,
2017-02-07,Tuesday,0,,
2017-02-08,Wednesday,0,,
2017-02-09,Thursday,0,,
2017-02-10,Friday,0,,
2017-02-11,Saturday,1,,
2017-02-12,Sunday,1,,
2017-02-13,Monday,0,,
2017-02-14,Tuesday,0,,
2017-02-15,Wednesday,0,,
2017-02-16,Thursday,0,,
2017-02-17,Friday,0,,
2017-02-18,Saturday,1,,
2017-02-19,Sunday,1,,
2017-02-20,Monday,0,,
2017-02-21,Tuesday,0,,
2017-02-22,Wednesday,0,,
2017-02-23,Thursday,0,,
2017-02-24,Friday,0,,
2017-02-25,Saturday,1,,
2017-02-26,Sunday,1,,
2017-02-27,Monday,0,,
2017-02-28,Tuesday,0,,
2017-03-01,Wednesday,0,,
2017-03-02,Thursday,0,,
2017-03-03,Friday,0,,
2017-03-04,Saturday,1,,
2017-03-05,Sunday,1,,
2017-03-06,Monday,0,,
2017-03-07,Tuesday,0,,
2017-03-08,Wednesday,0,,
2017-03-09,Thursday,0,,
2017-03-10,Friday,0,,
2017-03-11,Saturday,1,,
2017-03-12,Sunday,1,,-1
2017-03-13,Monday,0,,
2017-03-14,Tuesday,0,,
2017-03-15,Wednesday,0,,
2017-03-16,Thursday,0,,
2017-03-17,Friday,0,,
2017-03-18,Saturday,1,,
2017-03-19,Sunday,1,,
2017-03-20,Monday,0,,
2017-03-21,Tuesday,0,,
2017-03-22,Wednesday,0,,
2017-03-23,Thursday,0,,
2017-03-24,Friday,0,,
2017-03-25,Saturday,1,,
2017-03-26,Sunday,1,,
2017-03-27,Monday,0,,
2017-03-28,Tuesday,0,,
2017-03-29,Wednesday,0,,
2017-03-30,Thursday,0,,
2017-03-31,Friday,0,,
2017-04-01,Saturday,1,,
2017-04-02,Sunday,1,,
2017-04-03,Monday,0,,
2017-04-04,Tuesday,0,,
2017-04-05,Wednesday,0,,
2017-04-06,Thursday,0,,
2017-04-07,Friday,0,,
2017-04-08,Saturday,1,,
2017-04-09,Sunday,1,,
2017-04-10,Monday,0,,
2017-04-11,Tuesday,0,,
2017-04-12,Wednesday,0,,
2017-04-13,Thursday,0,,
2017-04-14,Friday,0,Good Friday,
2017-04-15,Saturday,1,,
2017-04-16,Sunday,1,,
2017-04-17,Monday,0,Easter Monday,
2017-04-18,Tuesday,0,,
2017-04-19,Wednesday,0,,
2017-04-20,Thursday,0,,
2017-04-21,Friday,0,,
2017-04-22,Saturday,1,,
2017-04-23,Sunday,1,,
2017-04-24,Monday,0,,
2017-04-25,Tuesday,0,,
2017-04-26,Wednesday,0,,
2017-04-27,Thursday,0,,
2017-04-28,Friday,0,,
2017-04-29,Saturday,1,,
2017-04-30,Sunday,1,,
2017-05-01,Monday,0,,
2017-05-02,Tuesday,0,,
2017-05-03,Wednesday,0,,
2017-05-04,Thursday,0,,
2017-05-05,Friday,0,,
2017-05-06,Saturday,1,,
2017-05-07,Sunday,1,,
2017-05-08,Monday,0,,
2017-05-09,Tuesday,0,,
2017-05-10,Wednesday,0,,
2017-05-11,Thursday,0,,
2017-05-12,Friday,0,,
2017-05-13,Saturday,1,,
2017-05-14,Sunday,1,,
2017-05-15,Monday,0,,
2017-05-16,Tuesday,0,,
2017-05-17,Wednesday,0,,
2017-05-18,Thursday,0,,
2017-05-19,Friday,0,,
2017-05-20,Saturday,1,,
2017-05-21,Sunday,1,,
2017-05-22,Monday,0,Victoria Day,
2017-05-23,Tuesday,0,,
2017-05-24,Wednesday,0,,
2017-05-25,Thursday,0,,
2017-05-26,Friday,0,,
2017-05-27,Saturday,1,,
2017-05-28,Sunday,1,,
2017-05-29,Monday,0,,
2017-05-30,Tuesday,0,,
2017-05-31,Wednesday,0,,
2017-06-01,Thursday,0,,
2017-06-02,Friday,0,,
2017-06-03,Saturday,1,,
2017-06-04,Sunday,1,,
2017-06-05,Monday,0,,
2017-06-06,Tuesday,0,,
2017-06-07,Wednesday,0,,
2017-06-08,Thursday,0,,
2017-06-09,Friday,0,,
2017-06-10,Saturday,1,,
2017-06-11,Sunday,1,,
2017-06-12,Monday,0,,
2017-06-13,Tuesday,0,,
2017-06-14,Wednesday,0,,
2017-06-15,Thursday,0,,
2017-06-16,Friday,0,,
2017-06-17,Saturday,1,,
2017-06-18,Sunday,1,,
2017-06-19,Monday,0,,
2017-06-20,Tuesday,0,,
2017-06-21,Wednesday,0,,
2017-06-22,Thursday,0,,
2017-06-23,Friday,0,,
2017-06-24,Saturday,1,,
2017-06-25,Sunday,1,,
2017-06-26,Monday,0,,
2017-06-27,Tuesday,0,,
2017-06-28,Wednesday,0,,
2017-06-29,Thursday,0,,
2017-06-30,Friday,0,,
2017-07-01,Saturday,1,,
2017-07-02,Sunday,1,,
2017-07-03,Monday,0,Canada Day,
2017-07-04,Tuesday,0,,
2017-07-05,Wednesday,0,,
2017-07-06,Thursday,0,,
2017-07-07,Friday,0,,
2017-07-08,Saturday,1,,
2017-07-09,Sunday,1,,
2017-07-10,Monday,0,,
2017-07-11,Tuesday,0,,
2017-07-12,Wednesday,0,,
2017-07-13,Thursday,0,,
2017-07-14,Friday,0,,
2017-07-15,Saturday,1,,
2017-07-16,Sunday,1,,
2017-07-17,Monday,0,,
2017-07-18,Tuesday,0,,
2017-07-19,Wednesday,0,,
2017-07-20,Thursday,0,,
2017-07-21,Friday,0,,
2017-07-22,Saturday,1,,
2017-07-23,Sunday,1,,
2017-07-24,Monday,0,,
2017-07-25,Tuesday,0,,
2017-07-26,Wednesday,0,,
2017-07-27,Thursday,0,,
2017-07-28,Friday,0,,
2017-07-29,Saturday,1,,
2017-07-30,Sunday,1,,
2017-07-31,Monday,0,,
2017-08-01,Tuesday,0,,
2017-08-02,Wednesday,0,,
2017-08-03,Thursday,0,,
2017-08-04,Friday,0,,
2017-08-05,Saturday,1,,
2017-08-06,Sunday,1,,
2017-08-07,Monday,0,Civic Day,
2017-08-08,Tuesday,0,,
2017-08-09,Wednesday,0,,
2017-08-10,Thursday,0,,
2017-08-11,Friday,0,,
2017-08-12,Saturday,1,,
2017-08-13,Sunday,1,,
2017-08-14,Monday,0,,
2017-08-15,Tuesday,0,,
2017-08-16,Wednesday,0,,
2017-08-17,Thursday,0,,
2017-08-18,Friday,0,,
2017-08-19,Saturday,1,,
2017-08-20,Sunday,1,,
2017-08-21,Monday,0,,
2017-08-22,Tuesday,0,,
2017-08-23,Wednesday,0,,
2017-08-24,Thursday,0,,
2017-08-25,Friday,0,,
2017-08-26,Saturday,1,,
2017-08-27,Sunday,1,,
2017-08-28,Monday,0,,
2017-08-29,Tuesday,0,,
2017-08-30,Wednesday,0,,
2017-08-31,Thursday,0,,
2017-09-01,Friday,0,,
2017-09-02,Saturday,1,,
2017-09-03,Sunday,1,,
2017-09-04,Monday,0,Labour Day,
2017-09-05,Tuesday,0,,
2017-09-06,Wednesday,0,,
2017-09-07,Thursday,0,,
2017-09-08,Friday,0,,
2017-09-09,Saturday,1,,
2017-09-10,Sunday,1,,
2017-09-11,Monday,0,,
2017-09-12,Tuesday,0,,
2017-09-13,Wednesday,0,,
2017-09-14,Thursday,0,,
2017-09-15,Friday,0,,
2017-09-16,Saturday,1,,
2017-09-17,Sunday,1,,
2017-09-18,Monday,0,,
2017-09-19,Tuesday,0,,
2017-09-20,Wednesday,0,,
2017-09-21,Thursday,0,,
2017-09-22,Friday,0,,
2017-09-23,Saturday,1,,
2017-09-24,Sunday,1,,
2017-09-25,Monday,0,,
2017-09-26,Tuesday,0,,
2017-09-27,Wednesday,0,,
2017-09-28,Thursday,0,,
2017-09-29,Friday,0,,
2017-09-30,Saturday,1,,
2017-10-01,Sunday,1,,
2017-10-02,Monday,0,,
2017-10-03,Tuesday,0,,
2017-10-04,Wednesday,0,,
2017-10-05,Thursday,0,,
2017-10-06,Friday,0,,
2017-10-07,Saturday,1,,
2017-10-08,Sunday,1,,
2017-10-09,Monday,0,Thanksgiving,
2017-10-10,Tuesday,0,,
2017-10-11,Wednesday,0,,
2017-10-12,Thursday,0,,
2017-10-13,Friday,0,,
2017-10-14,Saturday,1,,
2017-10-15,Sunday,1,,
2017-10-16,Monday,0,,
2017-10-17,Tuesday,0,,
2017-10-18,Wednesday,0,,
2017-10-19,Thursday,0,,
2017-10-20,Friday,0,,
2017-10-21,Saturday,1,,
2017-10-22,Sunday,1,,
2017-10-23,Monday,0,,
2017-10-24,Tuesday,0,,
2017-10-25,Wednesday,0,,
2017-10-26,Thursday,0,,
2017-10-27,Friday,0,,
2017-10-28,Saturday,1,,
2017-10-29,Sunday,1,,
2017-10-30,Monday,0,,
2017-10-31,Tuesday,0,,
2017-11-01,Wednesday,0,,
2017-11-02,Thursday,0,,
2017-11-03,Friday,0,,
2017-11-04,Saturday,1,,
2017-11-05,Sunday,1,,+1
2017-11-06,Monday,0,,
2017-11-07,Tuesday,0,,
2017-11-08,Wednesday,0,,
2017-11-09,Thursday,0,,
2017-11-10,Friday,0,,
2017-11-11,Saturday,1,,
2017-11-12,Sunday,1,,
2017-11-13,Monday,0,Remembrance Day,
2017-11-14,Tuesday,0,,
2017-11-15,Wednesday,0,,
2017-11-16,Thursday,0,,
2017-11-17,Friday,0,,
2017-11-18,Saturday,1,,
2017-11-19,Sunday,1,,
2017-11-20,Monday,0,,
2017-11-21,Tuesday,0,,
2017-11-22,Wednesday,0,,
2017-11-23,Thursday,0,,
2017-11-24,Friday,0,,
2017-11-25,Saturday,1,,
2017-11-26,Sunday,1,,
2017-11-27,Monday,0,,
2017-11-28,Tuesday,0,,
2017-11-29,Wednesday,0,,
2017-11-30,Thursday,0,,
2017-12-01,Friday,0,,
2017-12-02,Saturday,1,,
2017-12-03,Sunday,1,,
2017-12-04,Monday,0,,
2017-12-05,Tuesday,0,,
2017-12-06,Wednesday,0,,
2017-12-07,Thursday,0,,
2017-12-08,Friday,0,,
2017-12-09,Saturday,1,,
2017-12-10,Sunday,1,,
2017-12-11,Monday,0,,
2017-12-12,Tuesday,0,,
2017-12-13,Wednesday,0,,
2017-12-14,Thursday,0,,
2017-12-15,Friday,0,,
2017-12-16,Saturday,1,,
2017-12-17,Sunday,1,,
2017-12-18,Monday,0,,
2017-12-19,Tuesday,0,,
2017-12-20,Wednesday,0,,
2017-12-21,Thursday,0,,
2017-12-22,Friday,0,,
2017-12-23,Saturday,1,,
2017-12-24,Sunday,1,,
2017-12-25,Monday,0,Christmas Day,
2017-12-26,Tuesday,0,Boxing Day,
2017-12-27,Wednesday,0,,
2017-12-28,Thursday,0,,
2017-12-29,Friday,0,,
2017-12-30,Saturday,1,,
2017-12-31,Sunday,1,,
2018-01-01,Monday,0,New Years,
2018-01-02,Tuesday,0,,
2018-01-03,Wednesday,0,,
2018-01-04,Thursday,0,,
2018-01-05,Friday,0,,
2018-01-06,Saturday,1,,
2018-01-07,Sunday,1,,
2018-01-08,Monday,0,,
2018-01-09,Tuesday,0,,
2018-01-10,Wednesday,0,,
2018-01-11,Thursday,0,,
2018-01-12,Friday,0,,
2018-01-13,Saturday,1,,
2018-01-14,Sunday,1,,
2018-01-15,Monday,0,,
2018-01-16,Tuesday,0,,
2018-01-17,Wednesday,0,,
2018-01-18,Thursday,0,,
2018-01-19,Friday,0,,
2018-01-20,Saturday,1,,
2018-01-21,Sunday,1,,
2018-01-22,Monday,0,,
2018-01-23,Tuesday,0,,
2018-01-24,Wednesday,0,,
2018-01-25,Thursday,0,,
2018-01-26,Friday,0,,
2018-01-27,Saturday,1,,
2018-01-28,Sunday,1,,
2018-01-29,Monday,0,,
2018-01-30,Tuesday,0,,
2018-01-31,Wednesday,0,,
2018-02-01,Thursday,0,,
2018-02-02,Friday,0,,
2018-02-03,Saturday,1,,
2018-02-04,Sunday,1,,
2018-02-05,Monday,0,,
2018-02-06,Tuesday,0,,
2018-02-07,Wednesday,0,,
2018-02-08,Thursday,0,,
2018-02-09,Friday,0,,
2018-02-10,Saturday,1,,
2018-02-11,Sunday,1,,
2018-02-12,Monday,0,Family Day,
2018-02-13,Tuesday,0,,
2018-02-14,Wednesday,0,,
2018-02-15,Thursday,0,,
2018-02-16,Friday,0,,
2018-02-17,Saturday,1,,
2018-02-18,Sunday,1,,
2018-02-19,Monday,0,,
2018-02-20,Tuesday,0,,
2018-02-21,Wednesday,0,,
2018-02-22,Thursday,0,,
2018-02-23,Friday,0,,
2018-02-24,Saturday,1,,
2018-02-25,Sunday,1,,
2018-02-26,Monday,0,,
2018-02-27,Tuesday,0,,
2018-02-28,Wednesday,0,,
2018-03-01,Thursday,0,,
2018-03-02,Friday,0,,
2018-03-03,Saturday,1,,
2018-03-04,Sunday,1,,
2018-03-05,Monday,0,,
2018-03-06,Tuesday,0,,
2018-03-07,Wednesday,0,,
2018-03-08,Thursday,0,,
2018-03-09,Friday,0,,
2018-03-10,Saturday,1,,
2018-03-11,Sunday,1,,-1
2018-03-12,Monday,0,,
2018-03-13,Tuesday,0,,
2018-03-14,Wednesday,0,,
2018-03-15,Thursday,0,,
2018-03-16,Friday,0,,
2018-03-17,Saturday,1,,
2018-03-18,Sunday,1,,
2018-03-19,Monday,0,,
2018-03-20,Tuesday,0,,
2018-03-21,Wednesday,0,,
2018-03-22,Thursday,0,,
2018-03-23,Friday,0,,
2018-03-24,Saturday,1,,
2018-03-25,Sunday,1,,
2018-03-26,Monday,0,,
2018-03-27,Tuesday,0,,
2018-03-28,Wednesday,0,,
2018-03-29,Thursday,0,,
2018-03-30,Friday,0,Good Friday,
2018-03-31,Saturday,1,,
2018-04-01,Sunday,1,,
2018-04-02,Monday,0,Easter Monday,
2018-04-03,Tuesday,0,,
2018-04-04,Wednesday,0,,
2018-04-05,Thursday,0,,
2018-04-06,Friday,0,,
2018-04-07,Saturday,1,,
2018-04-08,Sunday,1,,
2018-04-09,Monday,0,,
2018-04-10,Tuesday,0,,
2018-04-11,Wednesday,0,,
2018-04-12,Thursday,0,,
2018-04-13,Friday,0,,
2018-04-14,Saturday,1,,
2018-04-15,Sunday,1,,
2018-04-16,Monday,0,,
2018-04-17,Tuesday,0,,
2018-04-18,Wednesday,0,,
2018-04-19,Thursday,0,,
2018-04-20,Friday,0,,
2018-04-21,Saturday,1,,
2018-04-22,Sunday,1,,
2018-04-23,Monday,0,,
2018-04-24,Tuesday,0,,
2018-04-25,Wednesday,0,,
2018-04-26,Thursday,0,,
2018-04-27,Friday,0,,
2018-04-28,Saturday,1,,
2018-04-29,Sunday,1,,
2018-04-30,Monday,0,,
2018-05-01,Tuesday,0,,
2018-05-02,Wednesday,0,,
2018-05-03,Thursday,0,,
2018-05-04,Friday,0,,
2018-05-05,Saturday,1,,
2018-05-06,Sunday,1,,
2018-05-07,Monday,0,,
2018-05-08,Tuesday,0,,
2018-05-09,Wednesday,0,,
2018-05-10,Thursday,0,,
2018-05-11,Friday,0,,
2018-05-12,Saturday,1,,
2018-05-13,Sunday,1,,
2018-05-14,Monday,0,,
2018-05-15,Tuesday,0,,
2018-05-16,Wednesday,0,,
2018-05-17,Thursday,0,,
2018-05-18,Friday,0,,
2018-05-19,Saturday,1,,
2018-05-20,Sunday,1,,
2018-05-21,Monday,0,Victoria Day,
2018-05-22,Tuesday,0,,
2018-05-23,Wednesday,0,,
2018-05-24,Thursday,0,,
2018-05-25,Friday,0,,
2018-05-26,Saturday,1,,
2018-05-27,Sunday,1,,
2018-05-28,Monday,0,,
2018-05-29,Tuesday,0,,
2018-05-30,Wednesday,0,,
2018-05-31,Thursday,0,,
2018-06-01,Friday,0,,
2018-06-02,Saturday,1,,
2018-06-03,Sunday,1,,
2018-06-04,Monday,0,,
2018-06-05,Tuesday,0,,
2018-06-06,Wednesday,0,,
2018-06-07,Thursday,0,,
2018-06-08,Friday,0,,
2018-06-09,Saturday,1,,
2018-06-10,Sunday,1,,
2018-06-11,Monday,0,,
2018-06-12,Tuesday,0,,
2018-06-13,Wednesday,0,,
2018-06-14,Thursday,0,,
2018-06-15,Friday,0,,
2018-06-16,Saturday,1,,
2018-06-17,Sunday,1,,
2018-06-18,Monday,0,,
2018-06-19,Tuesday,0,,
2018-06-20,Wednesday,0,,
2018-06-21,Thursday,0,,
2018-06-22,Friday,0,,
2018-06-23,Saturday,1,,
2018-06-24,Sunday,1,,
2018-06-25,Monday,0,,
2018-06-26,Tuesday,0,,
2018-06-27,Wednesday,0,,
2018-06-28,Thursday,0,,
2018-06-29,Friday,0,,
2018-06-30,Saturday,1,,
2018-07-01,Sunday,1,,
2018-07-02,Monday,0,Canada Day,
2018-07-03,Tuesday,0,,
2018-07-04,Wednesday,0,,
2018-07-05,Thursday,0,,
2018-07-06,Friday,0,,
2018-07-07,Saturday,1,,
2018-07-08,Sunday,1,,
2018-07-09,Monday,0,,
2018-07-10,Tuesday,0,,
2018-07-11,Wednesday,0,,
2018-07-12,Thursday,0,,
2018-07-13,Friday,0,,
2018-07-14,Saturday,1,,
2018-07-15,Sunday,1,,
2018-07-16,Monday,0,,
2018-07-17,Tuesday,0,,
2018-07-18,Wednesday,0,,
2018-07-19,Thursday,0,,
2018-07-20,Friday,0,,
2018-07-21,Saturday,1,,
2018-07-22,Sunday,1,,
2018-07-23,Monday,0,,
2018-07-24,Tuesday,0,,
2018-07-25,Wednesday,0,,
2018-07-26,Thursday,0,,
2018-07-27,Friday,0,,
2018-07-28,Saturday,1,,
2018-07-29,Sunday,1,,
2018-07-30,Monday,0,,
2018-07-31,Tuesday,0,,
2018-08-01,Wednesday,0,,
2018-08-02,Thursday,0,,
2018-08-03,Friday,0,,
2018-08-04,Saturday,1,,
2018-08-05,Sunday,1,,
2018-08-06,Monday,0,Civic Day,
2018-08-07,Tuesday,0,,
2018-08-08,Wednesday,0,,
2018-08-09,Thursday,0,,
2018-08-10,Friday,0,,
2018-08-11,Saturday,1,,
2018-08-12,Sunday,1,,
2018-08-13,Monday,0,,
2018-08-14,Tuesday,0,,
2018-08-15,Wednesday,0,,
2018-08-16,Thursday,0,,
2018-08-17,Friday,0,,
2018-08-18,Saturday,1,,
2018-08-19,Sunday,1,,
2018-08-20,Monday,0,,
2018-08-21,Tuesday,0,,
2018-08-22,Wednesday,0,,
2018-08-23,Thursday,0,,
2018-08-24,Friday,0,,
2018-08-25,Saturday,1,,
2018-08-26,Sunday,1,,
2018-08-27,Monday,0,,
2018-08-28,Tuesday,0,,
2018-08-29,Wednesday,0,,
2018-08-30,Thursday,0,,
2018-08-31,Friday,0,,
2018-09-01,Saturday,1,,
2018-09-02,Sunday,1,,
2018-09-03,Monday,0,Labour Day,
2018-09-04,Tuesday,0,,
2018-09-05,Wednesday,0,,
2018-09-06,Thursday,0,,
2018-09-07,Friday,0,,
2018-09-08,Saturday,1,,
2018-09-09,Sunday,1,,
2018-09-10,Monday,0,,
2018-09-11,Tuesday,0,,
2018-09-12,Wednesday,0,,
2018-09-13,Thursday,0,,
2018-09-14,Friday,0,,
2018-09-15,Saturday,1,,
2018-09-16,Sunday,1,,
2018-09-17,Monday,0,,
2018-09-18,Tuesday,0,,
2018-09-19,Wednesday,0,,
2018-09-20,Thursday,0,,
2018-09-21,Friday,0,,
2018-09-22,Saturday,1,,
2018-09-23,Sunday,1,,
2018-09-24,Monday,0,,
2018-09-25,Tuesday,0,,
2018-09-26,Wednesday,0,,
2018-09-27,Thursday,0,,
2018-09-28,Friday,0,,
2018-09-29,Saturday,1,,
2018-09-30,Sunday,1,,
2018-10-01,Monday,0,,
2018-10-02,Tuesday,0,,
2018-10-03,Wednesday,0,,
2018-10-04,Thursday,0,,
2018-10-05,Friday,0,,
2018-10-06,Saturday,1,,
2018-10-07,Sunday,1,,
2018-10-08,Monday,0,Thanksgiving,
2018-10-09,Tuesday,0,,
2018-10-10,Wednesday,0,,
2018-10-11,Thursday,0,,
2018-10-12,Friday,0,,
2018-10-13,Saturday,1,,
2018-10-14,Sunday,1,,
2018-10-15,Monday,0,,
2018-10-16,Tuesday,0,,
2018-10-17,Wednesday,0,,
2018-10-18,Thursday,0,,
2018-10-19,Friday,0,,
2018-10-20,Saturday,1,,
2018-10-21,Sunday,1,,
2018-10-22,Monday,0,,
2018-10-23,Tuesday,0,,
2018-10-24,Wednesday,0,,
2018-10-25,Thursday,0,,
2018-10-26,Friday,0,,
2018-10-27,Saturday,1,,
2018-10-28,Sunday,1,,
2018-10-29,Monday,0,,
2018-10-30,Tuesday,0,,
2018-10-31,Wednesday,0,,
2018-11-01,Thursday,0,,
2018-11-02,Friday,0,,
2018-11-03,Saturday,1,,
2018-11-04,Sunday,1,,+1
2018-11-05,Monday,0,,
2018-11-06,Tuesday,0,,
2018-11-07,Wednesday,0,,
2018-11-08,Thursday,0,,
2018-11-09,Friday,0,,
2018-11-10,Saturday,1,,
2018-11-11,Sunday,1,,
2018-11-12,Monday,0,Remembrance Day,
2018-11-13,Tuesday,0,,
2018-11-14,Wednesday,0,,
2018-11-15,Thursday,0,,
2018-11-16,Friday,0,,
2018-11-17,Saturday,1,,
2018-11-18,Sunday,1,,
2018-11-19,Monday,0,,
2018-11-20,Tuesday,0,,
2018-11-21,Wednesday,0,,
2018-11-22,Thursday,0,,
2018-11-23,Friday,0,,
2018-11-24,Saturday,1,,
2018-11-25,Sunday,1,,
2018-11-26,Monday,0,,
2018-11-27,Tuesday,0,,
2018-11-28,Wednesday,0,,
2018-11-29,Thursday,0,,
2018-11-30,Friday,0,,
2018-12-01,Saturday,1,,
2018-12-02,Sunday,1,,
2018-12-03,Monday,0,,
2018-12-04,Tuesday,0,,
2018-12-05,Wednesday,0,,
2018-12-06,Thursday,0,,
2018-12-07,Friday,0,,
2018-12-08,Saturday,1,,
2018-12-09,Sunday,1,,
2018-12-10,Monday,0,,
2018-12-11,Tuesday,0,,
2018-12-12,Wednesday,0,,
2018-12-13,Thursday,0,,
2018-12-14,Friday,0,,
2018-12-15,Saturday,1,,
2018-12-16,Sunday,1,,
2018-12-17,Monday,0,,
2018-12-18,Tuesday,0,,
2018-12-19,Wednesday,0,,
2018-12-20,Thursday,0,,
2018-12-21,Friday,0,,
2018-12-22,Saturday,1,,
2018-12-23,Sunday,1,,
2018-12-24,Monday,0,,
2018-12-25,Tuesday,0,Christmas Day,
2018-12-26,Wednesday,0,Boxing Day,
2018-12-27,Thursday,0,,
2018-12-28,Friday,0,,
2018-12-29,Saturday,1,,
2018-12-30,Sunday,1,,
2018-12-31,Monday,0,,
